<?xml version="1.0" encoding="UTF-8" standalone="yes"?>
<addon id="plugin.video.kodipopcorntime" name="KODI Popcorn Time" version="1.5.5.rc3" provider-name="Markop159">
    <requires>
        <import addon="xbmc.python" version="2.14.0"/>
    </requires>
    <extension point="xbmc.python.pluginsource" library="addon.py">
        <provides>video</provides>
    </extension>
    <extension point="xbmc.addon.metadata">
        <platform>all</platform>
        <website><![CDATA[https://markop159.github.io/KodiPopcornTime/]]></website>
        <forum><![CDATA[http://forums.tvaddons.ag/addon-releases/47568-kodi-popcorn-time]]></forum>
        <source><![CDATA[https://github.com/Diblo/KODI-Popcorn-Time]]></source>
        <license><![CDATA[GNU GENERAL PUBLIC LICENSE. Version 3, 29 June 2007]]></license>
        <summary lang="de"><![CDATA[Immediately stream movies, TV Shows and Animes.]]></summary>
        <summary lang="en"><![CDATA[Immediately stream movies, TV Shows and Animes.]]></summary>
        <summary lang="es"><![CDATA[Immediately stream movies, TV Shows and Animes.]]></summary>
        <summary lang="fr"><![CDATA[Immediately stream movies, TV Shows and Animes.]]></summary>
        <summary lang="zh"><![CDATA[Immediately stream movies, TV Shows and Animes.]]></summary>
        <summary lang="nl"><![CDATA[Immediately stream movies, TV Shows and Animes.]]></summary>
	      <summary lang="pl"><![CDATA[Immediately stream movies, TV Shows and Animes.]]></summary>
        <summary lang="pt"><![CDATA[Immediately stream movies, TV Shows and Animes.]]></summary>
		    <summary lang="pt_BR"><![CDATA[Immediately stream movies, TV Shows and Animes.]]></summary>
        <description lang="de"><![CDATA[With KODI Popcorn Time you can search for movies, TV shows and Animes that you can see immediately in KODI. NOTE: KODI Popcorn Time will continue sharing content while watching a movie TV show or Anime.]]></description>
        <description lang="en"><![CDATA[With KODI Popcorn Time you can search for movies, TV shows and Animes that you can see immediately in KODI. NOTE: KODI Popcorn Time will continue sharing content while watching a movie TV show or Anime.]]></description>
        <description lang="es"><![CDATA[With KODI Popcorn Time you can search for movies, TV shows and Animes that you can see immediately in KODI. NOTE: KODI Popcorn Time will continue sharing content while watching a movie TV show or Anime.]]></description>
        <description lang="fr"><![CDATA[With KODI Popcorn Time you can search for movies, TV shows and Animes that you can see immediately in KODI. NOTE: KODI Popcorn Time will continue sharing content while watching a movie TV show or Anime.]]></description>
        <description lang="zh"><![CDATA[With KODI Popcorn Time you can search for movies, TV shows and Animes that you can see immediately in KODI. NOTE: KODI Popcorn Time will continue sharing content while watching a movie TV show or Anime.]]></description>
        <description lang="nl"><![CDATA[With KODI Popcorn Time you can search for movies, TV shows and Animes that you can see immediately in KODI. NOTE: KODI Popcorn Time will continue sharing content while watching a movie TV show or Anime.]]></description>
        <description lang="pl"><![CDATA[With KODI Popcorn Time you can search for movies, TV shows and Animes that you can see immediately in KODI. NOTE: KODI Popcorn Time will continue sharing content while watching a movie TV show or Anime.]]></description>
        <description lang="pt"><![CDATA[With KODI Popcorn Time you can search for movies, TV shows and Animes that you can see immediately in KODI. NOTE: KODI Popcorn Time will continue sharing content while watching a movie TV show or Anime.]]></description>
        <description lang="pt_BR"><![CDATA[With KODI Popcorn Time you can search for movies, TV shows and Animes that you can see immediately in KODI. NOTE: KODI Popcorn Time will continue sharing content while watching a movie TV show or Anime.]]></description>
    </extension>
</addon>
