<?xml version="2.0" encoding="UTF-8" standalone="yes"?>
<addon id="plugin.video.planettv" name="Planet TV" version="1.1.1" provider-name="Markop159">
	<requires>
		<import addon="xbmc.python" version="2.1.0"/>
	</requires>
	<extension point="xbmc.python.pluginsource" library="addon.py">
		<provides>video</provides>
	</extension>
	<extension point="xbmc.addon.metadata">
		<summary lang="en">Play live TV and video archive from Planet TV</summary>
		<summary lang="sl">Predvajaj TV v živo ter video arhiv Planet-a TV</summary>
		<description lang="en">Planet TV is Slovenian comercial TV. With this plugin you can watch live Planet TV and archive of shows.</description>
		<description lang="sl">Planet TV je Slovenska komercialna TV. S tem pluginom je možen ogled Planet TV kanala v živo ter arhiv oddaj.</description>
		<disclaimer lang="en"></disclaimer>
		<language></language>
		<platform>all</platform>
		<license>WTFPL, Version 2, December 2004</license>
		<forum></forum>
		<website></website>
		<email></email>
		<source></source>
	</extension>
</addon>
